customers_id,first_name,last_name,email,phone_number
1,Ana,González López,ana.gonzalez@gmail.com,632435576
2,Pablo,Ruiz Fernández,pablo.ruiz@gmail.com,687245910
3,Laura,Martínez Sánchez,laura.martinez@gmail.com,654789321
4,Javier,Sánchez García,javier.sanchez@gmail.com,678123456
5,Isabel,López Rodríguez,isabel.lopez@gmail.com,665432189
6,David,Pérez Martínez,david.perez@gmail.com,643218765
7,Cristina,Rodríguez López,cristina.rodriguez@gmail.com,654987321
8,Carlos,García Ruiz,carlos.garcia@gmail.com,621345678
9,Andrea,Sánchez Martínez,andrea.sanchez@gmail.com,689765432
10,Sergio,Martínez Fernández,sergio.martinez@gmail.com,678345219
11,Patricia,López García,patricia.lopez@gmail.com,657894321
12,Alejandro,Ruiz Sánchez,alejandro.ruiz@gmail.com,632154879
13,Carmen,García Martínez,carmen.garcia@gmail.com,678912345
14,Daniel,Sánchez Rodríguez,daniel.sanchez@gmail.com,654321987
15,Ana María,Rodríguez Sánchez,ana.maria.rodriguez@gmail.com,645237890
16,Mario,Martínez Ruiz,mario.martinez@gmail.com,678456321
17,Nuria,Sánchez López,nuria.sanchez@gmail.com,643219876
18,Raúl,Rodríguez Fernández,raul.rodriguez@gmail.com,654789123
19,Clara,García López,clara.garcia@gmail.com,678234519
20,Jorge,López Sánchez,jorge.lopez@gmail.com,645981234
21,Marta,Ruiz García,marta.ruiz@gmail.com,632154789
22,Adrián,Sánchez Rodríguez,adrian.sanchez@gmail.com,678345912
23,Laura,García Martínez,laura.garcia@gmail.com,654789321
24,Álvaro,Rodríguez Sánchez,alvaro.rodriguez@gmail.com,645237890
25,Ana Belén,Martínez López,ana.belen.martinez@gmail.com,632154879
26,Francisco,García Ruiz,francisco.garcia@gmail.com,678912345
27,Elena,Sánchez Martínez,elena.sanchez@gmail.com,654321987
28,Juan,Rodríguez Fernández,juan.rodriguez@gmail.com,678456321
29,Silvia,López García,silvia.lopez@gmail.com,643219876
30,Alberto,Martínez Ruiz,alberto.martinez@gmail.com,678234519
31,Irene,Sánchez López,irene.sanchez@gmail.com,645981234
32,Ángel,Ruiz García,angel.ruiz@gmail.com,632154789
33,Sonia,Sánchez Rodríguez,sonia.sanchez@gmail.com,678345912
34,Diego,García Martínez,diego.garcia@gmail.com,654789321
35,Beatriz,Rodríguez Sánchez,beatriz.rodriguez@gmail.com,645237890
36,José Antonio,Martínez López,jose.antonio.martinez@gmail.com,632154879
37,María José,García Ruiz,maria.jose.garcia@gmail.com,678912345
38,Víctor,Sánchez Martínez,victor.sanchez@gmail.com,654321987
39,Paula,Rodríguez Fernández,paula.rodriguez@gmail.com,678456321
40,Rubén,López García,ruben.lopez@gmail.com,643219876
41,Martina,Martínez Ruiz,martina.martinez@gmail.com,678234519
42,Alberto,Sánchez López,alberto.sanchez@gmail.com,645981234
43,Marina,Ruiz García,marina.ruiz@gmail.com,632154789
44,Jaime,Sánchez Rodríguez,jaime.sanchez@gmail.com,678345912
45,Sara,García Martínez,sara.garcia@gmail.com,654789321
46,Ignacio,Rodríguez Sánchez,ignacio.rodriguez@gmail.com,645237890
47,Mónica,Martínez López,monica.martinez@gmail.com,632154879
48,Jose,García Ruiz,jose.garcia@gmail.com,678912345
49,Raquel,Sánchez Martínez,raquel.sanchez@gmail.com,654321987
50,Luis,Rodríguez Fernández,luis.rodriguez@gmail.com,678456321
51,Andrea,López García,andrea.lopez@gmail.com,643219876
52,Juan José,Martínez Ruiz,juan.jose.martinez@gmail.com,678234519
53,Laura,Sánchez López,laura.sanchez@gmail.com,645981234
54,Miguel Ángel,Ruiz García,miguel.angel.ruiz@gmail.com,632154789
55,Carolina,Sánchez Rodríguez,carolina.sanchez@gmail.com,678345912
56,Iván,García Martínez,ivan.garcia@gmail.com,654789321
57,Claudia,Rodríguez Sánchez,claudia.rodriguez@gmail.com,645237890
58,Javier,Martínez López,javier.martinez@gmail.com,632154879
59,Paula,García Ruiz,paula.garcia@gmail.com,678912345
60,Alberto,Sánchez Martínez,alberto.sanchez@gmail.com,654321987
61,Sofía,Rodríguez Fernández,sofia.rodriguez@gmail.com,678456321
62,Diego,López García,diego.lopez@gmail.com,643219876
63,Elena,Martínez Ruiz,elena.martinez@gmail.com,678234519
64,Adrián,Sánchez López,adrian.sanchez@gmail.com,645981234
65,Isabel,Ruiz García,isabel.ruiz@gmail.com,632154789
66,Marcos,Sánchez Rodríguez,marcos.sanchez@gmail.com,678345912
67,Miguel,Rodríguez Sánchez,miguel.rodriguez@gmail.com,645237890
68,Alicia,Martínez López,alicia.martinez@gmail.com,632154879
69,Juan Carlos,García Ruiz,juan.carlos.garcia@gmail.com,678912345
70,Marta,Sánchez Martínez,marta.sanchez@gmail.com,654321987
71,Javier,Rodríguez Fernández,javier.rodriguez@gmail.com,678456321
72,Laura,López García,laura.lopez@gmail.com,643219876
73,Antonio,Martínez Ruiz,antonio.martinez@gmail.com,678234519
74,María,Sánchez López,maria.sanchez@gmail.com,645981234
75,Guillermo,Ruiz García,guillermo.ruiz@gmail.com,632154789
76,Carmen,Sánchez Rodríguez,carmen.sanchez@gmail.com,678345912
77,Alberto,García Martínez,alberto.garcia@gmail.com,654789321
78,Clara,Rodríguez Sánchez,clara.rodriguez@gmail.com,645237890
79,David,Martínez López,david.martinez@gmail.com,632154879
80,Sara,García Ruiz,sara.garcia@gmail.com,678912345
81,Alejandro,Sánchez Martínez,alejandro.sanchez@gmail.com,654321987
82,Laura,Rodríguez Fernández,laura.rodriguez@gmail.com,678456321
83,Carlos,López García,carlos.lopez@gmail.com,643219876
84,Isabel,Martínez Ruiz,isabel.martinez@gmail.com,678234519
85,José,Sánchez López,jose.sanchez@gmail.com,645981234
86,Elena,Ruiz García,elena.ruiz@gmail.com,632154789
87,Juan,Sánchez Rodríguez,juan.sanchez@gmail.com,678345912
88,Cristina,García Martínez,cristina.garcia@gmail.com,654789321
89,Francisco,Rodríguez Sánchez,francisco.rodriguez@gmail.com,645237890
90,Paula,Martínez López,paula.martinez@gmail.com,632154879
91,Sergio,García Ruiz,sergio.garcia@gmail.com,678912345
92,María,Sánchez Martínez,maria.sanchez@gmail.com,654321987
93,Antonio,Rodríguez Fernández,antonio.rodriguez@gmail.com,678456321
94,Marta,López García,marta.lopez@gmail.com,643219876
95,Guillermo,Martínez Ruiz,guillermo.martinez@gmail.com,678234519
96,Clara,Sánchez López,clara.sanchez@gmail.com,645981234
97,Adrián,Ruiz García,adrian.ruiz@gmail.com,632154789
98,Laura,Sánchez Rodríguez,laura.sanchez@gmail.com,678345912
99,Juan José,García Martínez,juan.jose.garcia@gmail.com,654789321
100,Patricia,Rodríguez Sánchez,patricia.rodriguez@gmail.com,645237890
101,Gabriela,López Martínez,gabriela.lopez@gmail.com,632154890
102,Raúl,Sánchez García,raul.sanchez@gmail.com,678234567
103,Laura,García Rodríguez,laura.garcia@gmail.com,654987321
104,Javier,Rodríguez López,javier.rodriguez@gmail.com,678123456
105,Ana,Martínez Sánchez,ana.martinez@gmail.com,665432189
106,Diego,Sánchez Fernández,diego.sanchez@gmail.com,643218765
107,Claudia,García López,claudia.garcia@gmail.com,654321987
108,Carlos,Rodríguez Ruiz,carlos.rodriguez@gmail.com,678456321
109,Isabel,Martínez García,isabel.martinez@gmail.com,621345678
110,Marcos,Sánchez Rodríguez,marcos.sanchez@gmail.com,689765432
111,Paula,Rodríguez Martínez,paula.rodriguez@gmail.com,678345219
112,Adrián,López García,adrian.lopez@gmail.com,657894321
113,Elena,Martínez Sánchez,elena.martinez@gmail.com,632154879
114,David,Sánchez Ruiz,david.sanchez@gmail.com,678912345
115,Laura,García López,laura.garcia@gmail.com,654321987
116,Álvaro,Rodríguez Sánchez,alvaro.rodriguez@gmail.com,645237890
117,Ana Belén,Martínez López,ana.belen.martinez@gmail.com,632154879
118,Francisco,García Ruiz,francisco.garcia@gmail.com,678912345
119,Elena,Sánchez Martínez,elena.sanchez@gmail.com,654321987
120,Juan,Rodríguez Fernández,juan.rodriguez@gmail.com,678456321
121,Silvia,López García,silvia.lopez@gmail.com,643219876
122,Alberto,Martínez Ruiz,alberto.martinez@gmail.com,678234519
123,Irene,Sánchez López,irene.sanchez@gmail.com,645981234
124,Ángel,Ruiz García,angel.ruiz@gmail.com,632154789
125,Sonia,Sánchez Rodríguez,sonia.sanchez@gmail.com,678345912
126,Diego,García Martínez,diego.garcia@gmail.com,654789321
127,Beatriz,Rodríguez Sánchez,beatriz.rodriguez@gmail.com,645237890
128,José Antonio,Martínez López,jose.antonio.martinez@gmail.com,632154879
129,María José,García Ruiz,maria.jose.garcia@gmail.com,678912345
130,Víctor,Sánchez Martínez,victor.sanchez@gmail.com,654321987
131,Paula,Rodríguez Fernández,paula.rodriguez@gmail.com,678456321
132,Rubén,López García,ruben.lopez@gmail.com,643219876
133,Martina,Martínez Ruiz,martina.martinez@gmail.com,678234519
134,Alberto,Sánchez López,alberto.sanchez@gmail.com,645981234
135,Marina,Ruiz García,marina.ruiz@gmail.com,632154789
136,Jaime,Sánchez Rodríguez,jaime.sanchez@gmail.com,678345912
137,Sara,García Martínez,sara.garcia@gmail.com,654789321
138,Ignacio,Rodríguez Sánchez,ignacio.rodriguez@gmail.com,645237890
139,Mónica,Martínez López,monica.martinez@gmail.com,632154879
140,Jose,García Ruiz,jose.garcia@gmail.com,678912345
141,Raquel,Sánchez Martínez,raquel.sanchez@gmail.com,654321987
142,Luis,Rodríguez Fernández,luis.rodriguez@gmail.com,678456321
143,Andrea,López García,andrea.lopez@gmail.com,643219876
144,Juan José,Martínez Ruiz,juan.jose.martinez@gmail.com,678234519
145,Laura,Sánchez López,laura.sanchez@gmail.com,645981234
146,Miguel Ángel,Ruiz García,miguel.angel.ruiz@gmail.com,632154789
147,Carolina,Sánchez Rodríguez,carolina.sanchez@gmail.com,678345912
148,Iván,García Martínez,ivan.garcia@gmail.com,654789321
149,Claudia,Rodríguez Sánchez,claudia.rodriguez@gmail.com,645237890
150,Javier,Martínez López,javier.martinez@gmail.com,632154879
151,María,López Sánchez,maria.lopez@gmail.com,645981234
152,Daniel,Martínez García,daniel.martinez@gmail.com,632154789
153,Laura,Sánchez Ruiz,laura.sanchez@gmail.com,678345912
154,Alberto,Rodríguez López,alberto.rodriguez@gmail.com,654789321
155,Marta,García Martínez,marta.garcia@gmail.com,645237890
156,Sergio,Rodríguez Sánchez,sergio.rodriguez@gmail.com,632154879
157,Carla,Martínez López,carla.martinez@gmail.com,678912345
158,Antonio,García Ruiz,antonio.garcia@gmail.com,654321987
159,Isabel,Sánchez Martínez,isabel.sanchez@gmail.com,678456321
160,Hugo,Rodríguez Fernández,hugo.rodriguez@gmail.com,643219876
161,Martina,López García,martina.lopez@gmail.com,632154890
162,Adrián,Martínez Ruiz,adrian.martinez@gmail.com,678234567
163,Elena,Sánchez García,elena.sanchez@gmail.com,654987321
164,David,García Rodríguez,david.garcia@gmail.com,678123456
165,Ana,Martínez Sánchez,ana.martinez@gmail.com,665432189
166,Diego,Sánchez Fernández,diego.sanchez@gmail.com,643218765
167,Claudia,García López,claudia.garcia@gmail.com,654321987
168,Carlos,Rodríguez Ruiz,carlos.rodriguez@gmail.com,678456321
169,Isabel,Martínez García,isabel.martinez@gmail.com,621345678
170,Marcos,Sánchez Rodríguez,marcos.sanchez@gmail.com,689765432
171,Paula,Rodríguez Martínez,paula.rodriguez@gmail.com,678345219
172,Adrián,López García,adrian.lopez@gmail.com,657894321
173,Elena,Martínez Sánchez,elena.martinez@gmail.com,632154879
174,David,Sánchez Ruiz,david.sanchez@gmail.com,678912345
175,Laura,García López,laura.garcia@gmail.com,654321987
176,Álvaro,Rodríguez Sánchez,alvaro.rodriguez@gmail.com,645237890
177,Ana Belén,Martínez López,ana.belen.martinez@gmail.com,632154879
178,Francisco,García Ruiz,francisco.garcia@gmail.com,678912345
179,Elena,Sánchez Martínez,elena.sanchez@gmail.com,654321987
180,Juan,Rodríguez Fernández,juan.rodriguez@gmail.com,678456321
181,Silvia,López García,silvia.lopez@gmail.com,643219876
182,Alberto,Martínez Ruiz,alberto.martinez@gmail.com,678234519
183,Irene,Sánchez López,irene.sanchez@gmail.com,645981234
184,Ángel,Ruiz García,angel.ruiz@gmail.com,632154789
185,Sonia,Sánchez Rodríguez,sonia.sanchez@gmail.com,678345912
186,Diego,García Martínez,diego.garcia@gmail.com,654789321
187,Beatriz,Rodríguez Sánchez,beatriz.rodriguez@gmail.com,645237890
188,José Antonio,Martínez López,jose.antonio.martinez@gmail.com,632154879
189,María José,García Ruiz,maria.jose.garcia@gmail.com,678912345
190,Víctor,Sánchez Martínez,victor.sanchez@gmail.com,654321987
191,Paula,Rodríguez Fernández,paula.rodriguez@gmail.com,678456321
192,Rubén,López García,ruben.lopez@gmail.com,643219876
193,Martina,Martínez Ruiz,martina.martinez@gmail.com,678234519
194,Alberto,Sánchez López,alberto.sanchez@gmail.com,645981234
195,Marina,Ruiz García,marina.ruiz@gmail.com,632154789
196,Jaime,Sánchez Rodríguez,jaime.sanchez@gmail.com,678345912
197,Sara,García Martínez,sara.garcia@gmail.com,654789321
198,Ignacio,Rodríguez Sánchez,ignacio.rodriguez@gmail.com,645237890
199,Mónica,Martínez López,monica.martinez@gmail.com,632154879
200,Jose,García Ruiz,jose.garcia@gmail.com,678912345
201,Raquel,Sánchez Martínez,raquel.sanchez@gmail.com,654321987
202,Luis,Rodríguez Fernández,luis.rodriguez@gmail.com,678456321
203,Andrea,López García,andrea.lopez@gmail.com,643219876
204,Juan José,Martínez Ruiz,juan.jose.martinez@gmail.com,678234519
205,Laura,Sánchez López,laura.sanchez@gmail.com,645981234
206,Miguel Ángel,Ruiz García,miguel.angel.ruiz@gmail.com,632154789
207,Carolina,Sánchez Rodríguez,carolina.sanchez@gmail.com,678345912
208,Iván,García Martínez,ivan.garcia@gmail.com,654789321
209,Claudia,Rodríguez Sánchez,claudia.rodriguez@gmail.com,645237890
210,Javier,Martínez López,javier.martinez@gmail.com,632154879
211,Paula,García Ruiz,paula.garcia@gmail.com,678912345
212,Alberto,Sánchez Martínez,alberto.sanchez@gmail.com,654321987
213,Sofía,Rodríguez Fernández,sofia.rodriguez@gmail.com,678456321
214,Diego,López García,diego.lopez@gmail.com,643219876
215,Elena,Martínez Ruiz,elena.martinez@gmail.com,678234519
216,Adrián,Sánchez López,adrian.sanchez@gmail.com,645981234
217,Isabel,Ruiz García,isabel.ruiz@gmail.com,632154789
218,Marcos,Sánchez Rodríguez,marcos.sanchez@gmail.com,678345912
219,Miguel,Rodríguez Sánchez,miguel.rodriguez@gmail.com,645237890
220,Alicia,Martínez López,alicia.martinez@gmail.com,632154879
221,Juan Carlos,García Ruiz,juan.carlos.garcia@gmail.com,678912345
222,Marta,Sánchez Martínez,marta.sanchez@gmail.com,654321987
223,Javier,Rodríguez Fernández,javier.rodriguez@gmail.com,678456321
224,Laura,López García,laura.lopez@gmail.com,643219876
225,Antonio,Martínez Ruiz,antonio.martinez@gmail.com,678234519
226,María,Sánchez López,maria.sanchez@gmail.com,645981234
227,Guillermo,Ruiz García,guillermo.ruiz@gmail.com,632154789
228,Carmen,Sánchez Rodríguez,carmen.sanchez@gmail.com,678345912
229,Alberto,García Martínez,alberto.garcia@gmail.com,654789321
230,Clara,Rodríguez Sánchez,clara.rodriguez@gmail.com,645237890
231,David,Martínez López,david.martinez@gmail.com,632154879
232,Sara,García Ruiz,sara.garcia@gmail.com,678912345
233,Alejandro,Sánchez Martínez,alejandro.sanchez@gmail.com,654321987
234,Laura,Rodríguez Fernández,laura.rodriguez@gmail.com,678456321
235,Carlos,López García,carlos.lopez@gmail.com,643219876
236,Isabel,Martínez Ruiz,isabel.martinez@gmail.com,678234519
237,José,Sánchez López,jose.sanchez@gmail.com,645981234
238,Elena,Ruiz García,elena.ruiz@gmail.com,632154789
239,Juan,Sánchez Rodríguez,juan.sanchez@gmail.com,678345912
240,Cristina,García Martínez,cristina.garcia@gmail.com,654789321
241,Francisco,Rodríguez Sánchez,francisco.rodriguez@gmail.com,645237890
242,Paula,Martínez López,paula.martinez@gmail.com,632154879
243,Sergio,García Ruiz,sergio.garcia@gmail.com,678912345
244,María,Sánchez Martínez,maria.sanchez@gmail.com,654321987
245,Antonio,Rodríguez Fernández,antonio.rodriguez@gmail.com,678456321
246,Marta,López García,marta.lopez@gmail.com,643219876
247,Guillermo,Martínez Ruiz,guillermo.martinez@gmail.com,678234519
248,Clara,Sánchez López,clara.sanchez@gmail.com,645981234
249,Adrián,Ruiz García,adrian.ruiz@gmail.com,632154789
250,Laura,Sánchez Rodríguez,laura.sanchez@gmail.com,678345912
251,Juan José,García Martínez,juan.jose.garcia@gmail.com,654789321
252,Patricia,Rodríguez Sánchez,patricia.rodriguez@gmail.com,645237890
253,Gabriela,López Martínez,gabriela.lopez@gmail.com,632154890
254,Raúl,Sánchez García,raul.sanchez@gmail.com,678234567
255,Laura,García Rodríguez,laura.garcia@gmail.com,654987321
256,Javier,Rodríguez López,javier.rodriguez@gmail.com,678123456
257,Ana,Martínez Sánchez,ana.martinez@gmail.com,665432189
258,Diego,Sánchez Fernández,diego.sanchez@gmail.com,643218765
259,Claudia,García López,claudia.garcia@gmail.com,654321987
260,Carlos,Rodríguez Ruiz,carlos.rodriguez@gmail.com,678456321
261,Isabel,Martínez García,isabel.martinez@gmail.com,621345678
262,Marcos,Sánchez Rodríguez,marcos.sanchez@gmail.com,689765432
263,Paula,Rodríguez Martínez,paula.rodriguez@gmail.com,678345219
264,Adrián,López García,adrian.lopez@gmail.com,657894321
265,Elena,Martínez Sánchez,elena.martinez@gmail.com,632154879
266,David,Sánchez Ruiz,david.sanchez@gmail.com,678912345
267,Laura,García López,laura.garcia@gmail.com,654321987
268,Álvaro,Rodríguez Sánchez,alvaro.rodriguez@gmail.com,645237890
269,Ana Belén,Martínez López,ana.belen.martinez@gmail.com,632154879
270,Francisco,García Ruiz,francisco.garcia@gmail.com,678912345
271,Elena,Sánchez Martínez,elena.sanchez@gmail.com,654321987
272,Juan,Rodríguez Fernández,juan.rodriguez@gmail.com,678456321
273,Silvia,López García,silvia.lopez@gmail.com,643219876
274,Alberto,Martínez Ruiz,alberto.martinez@gmail.com,678234519
275,Irene,Sánchez López,irene.sanchez@gmail.com,645981234
276,Ángel,Ruiz García,angel.ruiz@gmail.com,632154789
277,Sonia,Sánchez Rodríguez,sonia.sanchez@gmail.com,678345912
278,Diego,García Martínez,diego.garcia@gmail.com,654789321
279,Beatriz,Rodríguez Sánchez,beatriz.rodriguez@gmail.com,645237890
280,José Antonio,Martínez López,jose.antonio.martinez@gmail.com,632154879
281,María José,García Ruiz,maria.jose.garcia@gmail.com,678912345
282,Víctor,Sánchez Martínez,victor.sanchez@gmail.com,654321987
283,Paula,Rodríguez Fernández,paula.rodriguez@gmail.com,678456321
284,Rubén,López García,ruben.lopez@gmail.com,643219876
285,Martina,Martínez Ruiz,martina.martinez@gmail.com,678234519
286,Alberto,Sánchez López,alberto.sanchez@gmail.com,645981234
287,Marina,Ruiz García,marina.ruiz@gmail.com,632154789
288,Jaime,Sánchez Rodríguez,jaime.sanchez@gmail.com,678345912
289,Sara,García Martínez,sara.garcia@gmail.com,654789321
290,Ignacio,Rodríguez Sánchez,ignacio.rodriguez@gmail.com,645237890
291,Mónica,Martínez López,monica.martinez@gmail.com,632154879
292,Jose,García Ruiz,jose.garcia@gmail.com,678912345
293,Raquel,Sánchez Martínez,raquel.sanchez@gmail.com,654321987
294,Luis,Rodríguez Fernández,luis.rodriguez@gmail.com,678456321
295,Andrea,López García,andrea.lopez@gmail.com,643219876
296,Juan José,Martínez Ruiz,juan.jose.martinez@gmail.com,678234519
297,Laura,Sánchez López,laura.sanchez@gmail.com,645981234
298,Miguel Ángel,Ruiz García,miguel.angel.ruiz@gmail.com,632154789
299,Carolina,Sánchez Rodríguez,carolina.sanchez@gmail.com,678345912
300,Iván,García Martínez,ivan.garcia@gmail.com,654789321
301,Claudia,Rodríguez Sánchez,claudia.rodriguez@gmail.com,645237890
302,Javier,Martínez López,javier.martinez@gmail.com,632154879
303,Paula,García Ruiz,paula.garcia@gmail.com,678912345
304,Alberto,Sánchez Martínez,alberto.sanchez@gmail.com,654321987
305,Sofía,Rodríguez Fernández,sofia.rodriguez@gmail.com,678456321
306,Diego,López García,diego.lopez@gmail.com,643219876
307,Elena,Martínez Ruiz,elena.martinez@gmail.com,678234519
308,Adrián,Sánchez López,adrian.sanchez@gmail.com,645981234
309,Isabel,Ruiz García,isabel.ruiz@gmail.com,632154789
310,Marcos,Sánchez Rodríguez,marcos.sanchez@gmail.com,678345912
311,Miguel,Rodríguez Sánchez,miguel.rodriguez@gmail.com,645237890
312,Alicia,Martínez López,alicia.martinez@gmail.com,632154879
313,Juan Carlos,García Ruiz,juan.carlos.garcia@gmail.com,678912345
314,Marta,Sánchez Martínez,marta.sanchez@gmail.com,654321987
315,Javier,Rodríguez Fernández,javier.rodriguez@gmail.com,678456321
316,Laura,López García,laura.lopez@gmail.com,643219876
317,Antonio,Martínez Ruiz,antonio.martinez@gmail.com,678234519
318,María,Sánchez López,maria.sanchez@gmail.com,645981234
319,Guillermo,Ruiz García,guillermo.ruiz@gmail.com,632154789
320,Carmen,Sánchez Rodríguez,carmen.sanchez@gmail.com,678345912
321,Alberto,García Martínez,alberto.garcia@gmail.com,654789321
322,Clara,Rodríguez Sánchez,clara.rodriguez@gmail.com,645237890
323,David,Martínez López,david.martinez@gmail.com,632154879
324,Sara,García Ruiz,sara.garcia@gmail.com,678912345
325,Alejandro,Sánchez Martínez,alejandro.sanchez@gmail.com,654321987
326,Laura,Rodríguez Fernández,laura.rodriguez@gmail.com,678456321
327,Carlos,López García,carlos.lopez@gmail.com,643219876
328,Isabel,Martínez Ruiz,isabel.martinez@gmail.com,678234519
329,José,Sánchez López,jose.sanchez@gmail.com,645981234
330,Elena,Ruiz García,elena.ruiz@gmail.com,632154789
331,Juan,Sánchez Rodríguez,juan.sanchez@gmail.com,678345912
332,Cristina,García Martínez,cristina.garcia@gmail.com,654789321
333,Francisco,Rodríguez Sánchez,francisco.rodriguez@gmail.com,645237890
334,Paula,Martínez López,paula.martinez@gmail.com,632154879
335,Sergio,García Ruiz,sergio.garcia@gmail.com,678912345
336,María,Sánchez Martínez,maria.sanchez@gmail.com,654321987
337,Antonio,Rodríguez Fernández,antonio.rodriguez@gmail.com,678456321
338,Marta,López García,marta.lopez@gmail.com,643219876
339,Guillermo,Martínez Ruiz,guillermo.martinez@gmail.com,678234519
340,Clara,Sánchez López,clara.sanchez@gmail.com,645981234
341,Adrián,Ruiz García,adrian.ruiz@gmail.com,632154789
342,Laura,Sánchez Rodríguez,laura.sanchez@gmail.com,678345912
343,Juan José,García Martínez,juan.jose.garcia@gmail.com,654789321
344,Patricia,Rodríguez Sánchez,patricia.rodriguez@gmail.com,645237890
345,Gabriela,López Martínez,gabriela.lopez@gmail.com,632154890
346,Raúl,Sánchez García,raul.sanchez@gmail.com,678234567
347,Laura,García Rodríguez,laura.garcia@gmail.com,654987321
348,Javier,Rodríguez López,javier.rodriguez@gmail.com,678123456
349,Ana,Martínez Sánchez,ana.martinez@gmail.com,665432189
350,Diego,Sánchez Fernández,diego.sanchez@gmail.com,643218765
351,Claudia,García López,claudia.garcia@gmail.com,654321987
352,Carlos,Rodríguez Ruiz,carlos.rodriguez@gmail.com,678456321
353,Isabel,Martínez García,isabel.martinez@gmail.com,621345678
354,Marcos,Sánchez Rodríguez,marcos.sanchez@gmail.com,689765432
355,Paula,Rodríguez Martínez,paula.rodriguez@gmail.com,678345219
356,Adrián,López García,adrian.lopez@gmail.com,657894321
357,Elena,Martínez Sánchez,elena.martinez@gmail.com,632154879
358,David,Sánchez Ruiz,david.sanchez@gmail.com,678912345
359,Laura,García López,laura.garcia@gmail.com,654321987
360,Álvaro,Rodríguez Sánchez,alvaro.rodriguez@gmail.com,645237890
361,Ana Belén,Martínez López,ana.belen.martinez@gmail.com,632154879
362,Francisco,García Ruiz,francisco.garcia@gmail.com,678912345
363,Elena,Sánchez Martínez,elena.sanchez@gmail.com,654321987
364,Juan,Rodríguez Fernández,juan.rodriguez@gmail.com,678456321
365,Silvia,López García,silvia.lopez@gmail.com,643219876
366,Alberto,Martínez Ruiz,alberto.martinez@gmail.com,678234519
367,Irene,Sánchez López,irene.sanchez@gmail.com,645981234
368,Ángel,Ruiz García,angel.ruiz@gmail.com,632154789
369,Sonia,Sánchez Rodríguez,sonia.sanchez@gmail.com,678345912
370,Diego,García Martínez,diego.garcia@gmail.com,654789321
371,Beatriz,Rodríguez Sánchez,beatriz.rodriguez@gmail.com,645237890
372,José Antonio,Martínez López,jose.antonio.martinez@gmail.com,632154879
373,María José,García Ruiz,maria.jose.garcia@gmail.com,678912345
374,Víctor,Sánchez Martínez,victor.sanchez@gmail.com,654321987
375,Paula,Rodríguez Fernández,paula.rodriguez@gmail.com,678456321
376,Rubén,López García,ruben.lopez@gmail.com,643219876
377,Martina,Martínez Ruiz,martina.martinez@gmail.com,678234519
378,Alberto,Sánchez López,alberto.sanchez@gmail.com,645981234
379,Marina,Ruiz García,marina.ruiz@gmail.com,632154789
380,Jaime,Sánchez Rodríguez,jaime.sanchez@gmail.com,678345912
381,Sara,García Martínez,sara.garcia@gmail.com,654789321
382,Ignacio,Rodríguez Sánchez,ignacio.rodriguez@gmail.com,645237890
383,Mónica,Martínez López,monica.martinez@gmail.com,632154879
384,Jose,García Ruiz,jose.garcia@gmail.com,678912345
385,Raquel,Sánchez Martínez,raquel.sanchez@gmail.com,654321987
386,Luis,Rodríguez Fernández,luis.rodriguez@gmail.com,678456321
387,Andrea,López García,andrea.lopez@gmail.com,643219876
388,Juan José,Martínez Ruiz,juan.jose.martinez@gmail.com,678234519
389,Laura,Sánchez López,laura.sanchez@gmail.com,645981234
390,Miguel Ángel,Ruiz García,miguel.angel.ruiz@gmail.com,632154789